n00001930,n00002684
n00002684,n00003553
n00003553,n00004475
n00004475,n00015388
n00015388,n01471682
n01471682,n01861778
n01861778,n01886756
n01886756,n02075296
n02075296,n02083346
n02083346,n02118333
n02118333,n02119789
n02083346,n02084071
n02084071,n02087122
n02087122,n02098550
n02098550,n02100399
n02100399,n02100735
n02084071,n02103406
n02103406,n02109811
n02109811,n02110185
n02087122,n02092468
n02092468,n02096294
n02098550,n02101108
n02101108,n02101861
n02101861,n02102040
n01886756,n02062017
n02062017,n02062744
n02062744,n02066245
n02075296,n02507649
n02507649,n02509815
n02075296,n02120997
n02120997,n02121620
n02121620,n02121808
n02121808,n02124075
n01886756,n02370806
n02370806,n02394477
n02394477,n02401031
n02401031,n02417914
n02121808,n02123394
n02121620,n02124623
n02124623,n02125311
n02401031,n02419796
n02419796,n02423022
n01886756,n02329401
n02329401,n02346627
n02062017,n02077923
n02109811,n02110063
n02075296,n02441326
n02441326,n02447366
n02103406,n02109047
n02087122,n02087551
n02087551,n02089555
n02089555,n02089867
n02101861,n02102177
n02087551,n02090827
n02090827,n02091134
n02087551,n02092002
n02062744,n02071294
n02441326,n02442845
n01886756,n02503517
n02503517,n02504458
n02087551,n02092339
n02092468,n02098105
n02092468,n02096437
n02083346,n02114100
n02114100,n02114712
n02103406,n02104523
n02104523,n02105641
n02120997,n02127808
n02127808,n02128925
n02087551,n02091635
n02087551,n02088466
n02092468,n02096051
n02083346,n02117135
n02075296,n02134971
n02134971,n02138441
n02092468,n02096756
n02096756,n02097130
n01886756,n02469914
n02469914,n02484322
n02484322,n02489589
n02489589,n02493509
n01886756,n02453611
n02453611,n02457408
n02370806,n02374149
n02374149,n02389026
n02441326,n02443484
n02084071,n02110341
n02087551,n02089078
n02084071,n02085374
n02085374,n02086346
n02086346,n02086910
n02441326,n02445715
n02092468,n02093056
n02093056,n02093256
n02084071,n02113978
n02104523,n02106382
n02441326,n02441942
n02084071,n02113335
n02113335,n02113712
n02084071,n02112826
n02112826,n02113186
n02104523,n02104882
n02104882,n02105162
n02401031,n02415577
n02329401,n02356798
n02484322,n02484473
n02484473,n02488702
n02121808,n02123159
n02092468,n02098413
n02419796,n02422699
n02114100,n02114855
n02092468,n02094433
n02084071,n02111277
n02075296,n02131653
n02131653,n02132136
n02118333,n02119022
n02087551,n02091467
n02104523,n02106550
n02419796,n02422106
n02087551,n02091831
n02118333,n02120505
n02103406,n02103841
n02103841,n02104365
n02085374,n02086079
n02084071,n02112706
n02092468,n02098286
n02092468,n02095412
n02095412,n02095889
n02484473,n02484975
n02134971,n02137549
n02469914,n02496913
n02496913,n02500267
n02127808,n02129604
n02087551,n02090475
n02090475,n02090721
n02394477,n02395003
n02395003,n02396427
n02103406,n02107420
n02107420,n02108000
n02374149,n02391049
n02401031,n02412080
n02103406,n02108915
n02469914,n02470899
n02470899,n02480153
n02480153,n02480495
n02084071,n02110806
n02127808,n02128385
n02107420,n02107683
n02085374,n02085936
n02092468,n02094114
n02085374,n02087046
n02098550,n02099997
n02099997,n02100583
n02092468,n02096177
n02489589,n02494079
n02104882,n02105056
n02101108,n02101556
n02121808,n02123597
n02480153,n02481823
n02104523,n02105505
n02087551,n02088094
n02085374,n02085782
n02484473,n02489166
n02329401,n02364673
n02114100,n02114548
n02131653,n02134084
n02480153,n02480855
n02090475,n02090622
n02113335,n02113624
n02092468,n02093859
n02401031,n02403003
n02092468,n02097298
n02103406,n02108551
n02489589,n02493793
n02103841,n02106966
n02106966,n02107142
n02092468,n02096585
n02107420,n02107574
n02107420,n02107908
n02085374,n02086240
n02101108,n02102973
n02084071,n02111626
n02111626,n02112018
n02092468,n02093647
n02395003,n02397096
n02394477,n02437312
n02470899,n02483092
n02483092,n02483708
n02096756,n02097047
n02104523,n02106030
n02098550,n02099029
n02099029,n02099601
n02092468,n02093991
n02106966,n02110627
n02104523,n02106166
n01886756,n02323902
n02323902,n02326432
n02103406,n02108089
n02092468,n02097658
n02087551,n02088364
n02084071,n02111129
n02099997,n02100236
n02484473,n02486261
n02083346,n02115335
n02115335,n02115913
n02484473,n02486410
n02484473,n02487347
n02099029,n02099849
n02103406,n02108422
n02103841,n02104029
n02489589,n02492035
n02084071,n02110958
n02099029,n02099429
n02092468,n02094258
n02099029,n02099267
n02395003,n02395406
n02111626,n02112350
n02103406,n02109961
n02101108,n02101388
n02113335,n02113799
n02095412,n02095570
n02127808,n02128757
n02100399,n02101006
n02115335,n02115641
n02096756,n02097209
n02329401,n02342885
n02092468,n02097474
n02118333,n02120079
n02092468,n02095314
n02087551,n02088238
n02401031,n02408429
n02131653,n02133161
n02323902,n02324045
n02324045,n02328150
n02401031,n02410509
n02489589,n02492660
n02394477,n02398521
n02111626,n02112137
n02507649,n02510455
n02093056,n02093428
n02104523,n02105855
n02084071,n02111500
n02085374,n02085620
n02121808,n02123045
n02489589,n02490219
n02099029,n02099712
n02103406,n02109525
n02453611,n02454379
n02111626,n02111889
n02087551,n02088632
n02087551,n02090379
n02441326,n02443114
n02329401,n02361337
n02104523,n02105412
n02483092,n02483362
n02394477,n02437616
n02106966,n02107312
n02324045,n02325366
n02090827,n02091032
n02127808,n02129165
n02101108,n02102318
n02100399,n02100877
n02062017,n02074367
n02503517,n02504013
n02329401,n02363005
n02101108,n02102480
n02112826,n02113023
n02086346,n02086646
n02496913,n02497673
n02087122,n02087394
n02124623,n02127052
n02115335,n02116738
n02484473,n02488291
n02087551,n02091244
n02114100,n02114367
n02127808,n02130308
n02089555,n02089973
n02104523,n02105251
n02131653,n02134418
n02092468,n02093754
n02104523,n02106662
n02441326,n02444819
n01861778,n01874434
n01874434,n01882714
n01861778,n01871265
n01861778,n01871875
n01871875,n01872401
n01874434,n01877812
n01871875,n01873310
n01874434,n01883070
n00003553,n00021939
n00021939,n03575240
n03575240,n03183080
n03183080,n03574816
n03574816,n04565375
n04565375,n03467984
n03467984,n03343853
n03343853,n04086273
n00021939,n03122748
n03122748,n04014297
n04014297,n04191943
n04191943,n04507155
n03575240,n03100490
n03100490,n04524313
n04524313,n03125870
n03125870,n04530566
n04530566,n04128837
n04128837,n04147183
n03575240,n03294048
n03294048,n03414162
n03414162,n02778669
n02778669,n04254680
n03183080,n03800933
n03800933,n04586932
n04586932,n03393324
n03393324,n02672831
n00015388,n01905661
n01905661,n01767661
n01767661,n02159955
n02159955,n02206270
n02206270,n02219486
n01905661,n02316707
n02316707,n02317335
n01905661,n01940736
n01940736,n01968897
n03800933,n03614532
n03614532,n03928116
n03928116,n03452741
n03183080,n03699975
n03699975,n03082979
n03082979,n03918480
n03918480,n03985232
n03985232,n03642806
n00003553,n00019128
n00019128,n13134947
n13134947,n07705931
n07705931,n07745940
n03125870,n02686568
n02686568,n03510583
n03510583,n02690373
n03510583,n04552348
n02686568,n03666917
n03666917,n02692877
n03666917,n02782093
n03125870,n04266014
n04530566,n02858304
n02858304,n03344393
n02858304,n03447447
n02858304,n04273569
n02858304,n03662601
n02858304,n04244997
n04244997,n02951358
n04244997,n04612504
n04128837,n04128499
n04128499,n02981792
n04128499,n04483307
n04530566,n04194289
n04194289,n03095699
n04194289,n03673027
n04194289,n03947888
n04194289,n04552696
n04552696,n02687172
n04552696,n04347754
n04194289,n04606251
n04524313,n04576211
n04576211,n04170037
n04170037,n04464852
n04464852,n03478589
n04170037,n04389033
n04565375,n03773504
n04524313,n04235291
n04235291,n02860847
n04235291,n03218198
n04576211,n02834778
n02834778,n02835271
n02834778,n03792782
n04576211,n02959942
n02959942,n03393912
n02959942,n03895866
n04576211,n03484083
n03484083,n02797295
n03484083,n04204347
n04576211,n03791053
n04170037,n03384352
n04170037,n03684823
n03684823,n03272562
n03684823,n04310018
n04170037,n03791235
n03791235,n02704792
n03791235,n02958343
n02958343,n02701002
n02958343,n02814533
n02958343,n02930766
n02958343,n03100240
n02958343,n03594945
n02958343,n03670208
n03791235,n04490091
n04490091,n04520170
n04520170,n03770679
n02958343,n03777568
n02958343,n04037443
n02958343,n04285008
n03791235,n03444034
n03791235,n03445924
n03791235,n03785016
n03791235,n04252225
n04490091,n03345487
n04490091,n03417042
n04490091,n03930630
n04490091,n04461696
n04490091,n04467665
n04520170,n03796401
n04520170,n03977966
n04170037,n04065272
n04170037,n04335435
n04464852,n04252077
n04170037,n04465501
n04576211,n03776460
n04576211,n04482393
n04576211,n04509417
n04576211,n02970849
n02970849,n03538406
n02970849,n03599486
n02970849,n03868242
n03575240,n03405265
n03405265,n03405725
n03405725,n02766320
n02766320,n02804414
n02766320,n03125729
n02766320,n03131574
n03405725,n03388549
n03405725,n02870880
n03405725,n02933112
n02933112,n03018349
n02933112,n03742115
n03405725,n03016953
n03405725,n04380533
n03405725,n03337140
n03405725,n04161981
n04161981,n03891251
n04161981,n03001627
n03001627,n02791124
n03001627,n04429376
n03001627,n03376595
n03001627,n04099969
n04161981,n04344873
n04161981,n04447861
n03405725,n04379243
n04379243,n03179701
n04379243,n03982430
n03405725,n03201208
n03405725,n03290653
n03405725,n04550184
n07705931,n07742313
n07705931,n07747055
n07747055,n07747607
n07747055,n07749582
n07705931,n07753113
n07705931,n07753275
n07705931,n07753592
n07705931,n07754684
n07705931,n07760859
n07705931,n07768694
n13134947,n12267677
n13134947,n12620546
n13134947,n13133613
n13134947,n13135832
n13135832,n11879895
n13135832,n12144580
n13135832,n12768682
n03614532,n03854065
n03928116,n04515003
n03800933,n03915437
n03915437,n03017168
n03915437,n03249569
n03915437,n03447721
n03915437,n03720891
n03915437,n03721384
n03915437,n04311174
n03800933,n04338517
n04338517,n02787622
n04338517,n02880546
n02880546,n02992211
n02880546,n04536866
n04338517,n03495258
n04338517,n03467517
n03467517,n02676566
n03467517,n03272010
n04586932,n02891788
n02891788,n03110669
n02891788,n03394916
n02891788,n04487394
n03393324,n03494278
n04586932,n03840681
n04586932,n03884397
n04586932,n04598582
n04598582,n02817799
n02817799,n03228016
n03228016,n02804610
n03228016,n03838899
n02817799,n04141076
n04598582,n03372029
n00004475,n11669921
n11669921,n11939491
n11669921,n12057211
n00002684,n09287968
n09287968,n09246464
n09287968,n09468604
n09287968,n09366317
n09366317,n09359803
n09359803,n09193705
n09359803,n09472597
n09366317,n09399592
n00019128,n09421951
n09366317,n09256479
n09287968,n09433442
n09433442,n09332890
n09433442,n09428293
n09287968,n09288635
n03575240,n03563967
n03563967,n04451818
n04451818,n03265032
n03265032,n03498962
n03265032,n03623556
n03623556,n03041632
n03623556,n03658185
n03265032,n03954731
n03699975,n03997484
n03997484,n03995372
n04451818,n03649909
n04451818,n03489162
n03489162,n03481172
n03489162,n03848348
n03848348,n03109150
n03848348,n02951585
n03489162,n03970156
n03489162,n04154565
n03489162,n04208210
n04451818,n03967562
n03997484,n03000684
n01471682,n01503061
n01503061,n01514668
n01503061,n01514859
n01503061,n01518878
n01503061,n01525720
n01525720,n01529672
n01529672,n01530575
n01529672,n01531178
n01529672,n01532829
n01529672,n01534433
n01529672,n01537544
n01525720,n01557185
n01557185,n01558993
n01557185,n01560419
n01525720,n01578575
n01578575,n01580077
n01578575,n01582220
n01525720,n01592084
n01525720,n01601694
n01503061,n01604330
n01604330,n01608432
n01604330,n01614925
n01604330,n01616318
n01604330,n01622779
n01503061,n02153203
n02153203,n01795088
n01795088,n01795545
n01795088,n01796340
n01795088,n01797886
n01795088,n01798484
n02153203,n01802721
n01802721,n01806143
n01802721,n01806567
n01802721,n01807496
n01503061,n01816887
n01816887,n01817953
n01816887,n01818515
n01816887,n01819313
n01816887,n01820546
n01503061,n01824575
n01503061,n01825930
n01825930,n01828970
n01825930,n01829413
n01503061,n01833805
n01503061,n01838038
n01838038,n01843065
n01838038,n01843383
n01503061,n01844917
n01844917,n01845477
n01845477,n01846331
n01846331,n01847000
n01846331,n01855032
n01845477,n01855672
n01844917,n01860187
n01844917,n02000954
n02000954,n02002075
n02002075,n02002556
n02002075,n02002724
n02000954,n02006656
n02000954,n02007558
n02000954,n02008041
n02008041,n02009912
n02008041,n02009229
n02008041,n02011460
n02000954,n02012849
n02000954,n02013706
n02000954,n02018207
n02000954,n02018795
n02000954,n02022684
n02022684,n02025239
n02022684,n02026059
n02026059,n02027492
n02026059,n02028035
n02022684,n02033041
n02022684,n02037110
n01844917,n02017213
n01844917,n02021795
n02021795,n02051845
n02021795,n02056570
n02021795,n02058221
n01471682,n02512053
n02512053,n01482071
n01482071,n01482330
n01482330,n01484850
n01482330,n01491361
n01482330,n01494475
n01482071,n01495701
n01495701,n01496331
n01495701,n01498041
n02512053,n02514041
n02512053,n02528163
n02528163,n01428580
n01428580,n02536864
n01428580,n01439121
n01439121,n01440764
n01439121,n01443537
n01428580,n02526121
n02528163,n02552171
n02552171,n02554730
n02554730,n02606052
n02554730,n02607072
n02552171,n02643566
n02552171,n02655020
n02528163,n02638596
n02638596,n02640242
n02638596,n02641379
n01471682,n01661091
n01661091,n01662784
n01662784,n01663401
n01663401,n01664065
n01663401,n01665541
n01662784,n01667114
n01662784,n01667778
n01662784,n01669191
n01661091,n01661818
n01661818,n01674464
n01674464,n01675722
n01674464,n01676755
n01676755,n01677366
n01676755,n01682714
n01674464,n01685808
n01674464,n01687665
n01687665,n01687978
n01687665,n01688243
n01674464,n01689811
n01674464,n01692333
n01674464,n01693334
n01674464,n01694178
n01674464,n01695060
n01661818,n01704323
n01661818,n01696633
n01696633,n01697457
n01696633,n01698640
n01661818,n01726692
n01726692,n01727646
n01727646,n01728572
n01727646,n01728920
n01727646,n01729322
n01727646,n01729977
n01727646,n01734418
n01727646,n01735189
n01727646,n01737021
n01727646,n01739381
n01727646,n01740131
n01726692,n01741943
n01741943,n01742172
n01741943,n01744401
n01726692,n01745125
n01745125,n01748264
n01745125,n01749939
n01726692,n01751748
n01726692,n01752165
n01752165,n01753488
n01752165,n01754876
n01754876,n01755581
n01754876,n01756291
n01471682,n01627424
n01627424,n01629276
n01629276,n01629819
n01629276,n01630284
n01630284,n01630670
n01630284,n01631663
n01629276,n01632047
n01632047,n01632458
n01632047,n01632777
n01627424,n01639765
n01639765,n01641577
n01639765,n01644373
n01639765,n01644900
n03183080,n04579432
n03183080,n04592741
n03183080,n03876231
n00021939,n03076708
n03076708,n03093574
n03093574,n02729837
n02729837,n03483316
n03183080,n02895606
n02895606,n03868863
n02895606,n04251144
n03183080,n03274561
n03274561,n03691459
n03274561,n03759954
n03183080,n03277771
n03277771,n04152593
n03277771,n03793489
n03183080,n03271574
n03183080,n03339643
n03339643,n03843555
n03339643,n04332243
n03183080,n03508101
n03508101,n04265275
n03508101,n04330267
n03574816,n03467068
n03574816,n03733925
n03733925,n02794156
n03733925,n04118776
n03733925,n03841143
n03733925,n04141975
n03733925,n04437953
n04437953,n03046257
n03046257,n02708093
n03046257,n03196217
n03046257,n04548280
n04437953,n03544143
n04437953,n04355338
n04437953,n04438304
n04438304,n03891332
n04438304,n04328186
n04437953,n03197337
n03574816,n03739693
n03739693,n04317175
n03739693,n04376876
n03574816,n03706229
n03574816,n03852280
n03852280,n02841315
n03852280,n04009552
n03852280,n04356056
n03574816,n03709206
n03709206,n03692522
n03709206,n04044716
n04565375,n02879718
n03467984,n02950826
n03343853,n02749479
n03343853,n04090263
n04565375,n04008634
n03294048,n03278248
n03278248,n03163973
n03163973,n03085013
n03183080,n04505470
n03183080,n03126707
n03183080,n03666591
n03699975,n02666196
n03699975,n02977058
n03082979,n04238763
n03918480,n03180011
n03985232,n03485407
n03985232,n03832673
n03082979,n06359193
n03699975,n03322940
n03322940,n03496892
n03322940,n04428191
n03699975,n04004767
n03699975,n04243941
n04243941,n04243546
n04243941,n04525305
n02729837,n03528263
n03528263,n04179913
n03163973,n03602883
n03183080,n03738472
n03738472,n04372370
n03738472,n03736970
n03736970,n03532672
n03736970,n04574999
n04574999,n02974003
n04574999,n03874293
n04574999,n03944341
n04574999,n03992509
n03736970,n03425413
n03736970,n02966193
n03736970,n04371774
n03736970,n04067472
n03738472,n04040759
n03738472,n04019541
n03183080,n03492542
n03183080,n04355933
n03183080,n03929660
n03183080,n04069276
n04069276,n02965783
n04069276,n04258138
n03183080,n04074963
n03183080,n04081844
n04081844,n03208938
n04081844,n03323703
n03323703,n02910353
n03323703,n03476684
n03323703,n03627232
n03323703,n03682487
n03682487,n03075370
n03682487,n03874599
n03323703,n03804744
n03323703,n04127249
n03323703,n04153751
n04081844,n03803284
n03093574,n03051540
n03051540,n04162706
n03183080,n04228054
n03183080,n04263760
n04263760,n03636248
n03636248,n02948072
n03636248,n03590841
n03636248,n04286575
n04263760,n04456115
n03183080,n04359589
n04359589,n03814639
n04359589,n03933933
n04359589,n04485082
n04359589,n03733131
n03183080,n04474466
n04474466,n03794056
n04474466,n04275548
n01767661,n01768244
n01767661,n01769347
n01769347,n01770081
n01769347,n01770393
n01769347,n01772222
n01772222,n01773157
n01772222,n01773549
n01772222,n01773797
n01772222,n01774384
n01772222,n01774750
n01772222,n01775062
n01769347,n01776313
n01767661,n01784675
n01767661,n01974773
n01974773,n01990800
n01974773,n01976146
n01976146,n01976957
n01976957,n01978287
n01976957,n01978455
n01976957,n01980166
n01976957,n01981276
n01976146,n01982650
n01982650,n01983481
n01982650,n01984695
n01976146,n01985128
n01976146,n01986214
n02159955,n02164464
n02164464,n02165105
n02164464,n02165456
n02164464,n02167151
n02164464,n02168699
n02164464,n02169497
n02164464,n02171869
n02171869,n02172182
n02171869,n02174001
n02164464,n02177972
n02159955,n02190166
n02206270,n02206856
n02159955,n02226183
n02226183,n02226429
n02226183,n02229544
n02159955,n02231487
n02159955,n02232951
n02232951,n02233338
n02232951,n02236044
n02159955,n02246011
n02246011,n02256656
n02246011,n02259212
n02159955,n02264363
n02159955,n02268148
n02268148,n02268443
n02268148,n02268853
n02159955,n02274259
n02274259,n02276258
n02274259,n02277742
n02274259,n02279972
n02274259,n02280649
n02274259,n02281406
n02274259,n02281787
n01905661,n01909422
n01909422,n01910747
n01909422,n01914163
n01914163,n01914609
n01914163,n01917289
n01905661,n01922303
n01922303,n01924916
n01922303,n01930112
n01940736,n01942177
n01942177,n01943899
n01942177,n01944390
n01942177,n01945685
n01942177,n01950731
n01940736,n01955084
n02316707,n02319095
n02316707,n02321529
n03528263,n03584829
n03528263,n03620052
n03620052,n03297495
n03620052,n03761084
n03620052,n03862676
n03862676,n03259280
n03862676,n04111531
n03620052,n04442312
n03620052,n04542943
n03528263,n04517823
n03528263,n04580493
n04580493,n03207941
n04580493,n04070727
n04580493,n04554684
n03563967,n03101986
n03101986,n03133878
n03101986,n03880531
n03880531,n03400231
n03880531,n04596742
n03101986,n03990474
n03990474,n02939185
n03990474,n03063689
n03990474,n04398044
n03101986,n04270147
n00021939,n04341686
n04341686,n02699494
n04341686,n04486054
n04341686,n03899768
n04341686,n02898711
n02898711,n04311004
n02898711,n04366367
n02898711,n04532670
n04341686,n02913152
n02913152,n02793495
n02913152,n03457902
n04341686,n03259505
n03259505,n04079244
n04079244,n03877845
n04079244,n03781244
n02913152,n03661043
n02913152,n04187547
n04187547,n02727426
n04187547,n02859443
n02913152,n03953416
n03953416,n03028079
n03953416,n03788195
n03953416,n04346328
n02913152,n03956157
n02913152,n04081281
n02913152,n04417809
n04417809,n03032252
n04417809,n03529860
n04341686,n03697007
n04341686,n03065424
n04341686,n03837869
n00021939,n03169390
n03169390,n04458633
n04341686,n02980441
n04341686,n03297735
n03297735,n04005630
n03297735,n03748162
n03748162,n03461385
n03748162,n04202417
n04202417,n02776631
n04202417,n02791270
n04202417,n02871525
n04202417,n02927161
n04202417,n03089624
n04202417,n04200800
n04202417,n04443257
n04202417,n04462240
n04341686,n03388043
n03259505,n03042490
n03259505,n04613696
n04341686,n03216828
n04341686,n03743902
n03743902,n02892201
n03743902,n03743016
n04341686,n02796623
n02796623,n02788148
n02796623,n02894605
n02796623,n03160309
n02796623,n03327234
n03327234,n03000134
n03327234,n03930313
n03327234,n04604644
n03327234,n04326547
n02796623,n03459775
n02796623,n03795580
n03795580,n04239074
n03795580,n04501370
n04341686,n03792972
n04341686,n04217882
n04217882,n04149813
n04341686,n04361095
n04361095,n03391770
n03391770,n03530642
n03391770,n03961711
n04361095,n03903868
n04341686,n02814860
n00001930,n00020827
n00020827,n07707451
n07707451,n07711569
n07707451,n07720875
n07707451,n07713395
n07713395,n07714571
n07713395,n07714990
n07713395,n07715103
n07707451,n07715561
n07715561,n07715721
n07715721,n07716358
n07715721,n07716906
n07715561,n07717070
n07717070,n07717410
n07717070,n07717556
n07707451,n07718472
n07707451,n07718747
n07707451,n07730033
n07707451,n07734744
n04014297,n02851099
n02851099,n03151077
n03151077,n04209239
n03051540,n03419014
n03419014,n03594734
n03575240,n03094503
n03094503,n02883344
n02883344,n02971356
n00021939,n03309808
n03309808,n03932670
n03932670,n03485794
n03122748,n03380867
n03380867,n04199027
n04199027,n04133789
n03094503,n02747177
n02883344,n04125021
n00020827,n00021265
n00021265,n07570720
n07570720,n07556970
n07556970,n07579787
n03169390,n03814906
n02778669,n03134739
n03419014,n03863923
n03863923,n03057021
n03057021,n03404251
n04014297,n02955065
n02955065,n04423845
n03051540,n03877472
n04199027,n04120489
n03094503,n04183329
n04183329,n03062245
n02883344,n03014705
n03122748,n04453910
n04453910,n03717622
n03278248,n03777754
n03094503,n04531098
n04531098,n04493381
n03094503,n04476259
n03294048,n04285146
n04285146,n03472232
n03472232,n02777292
n00021265,n07566340
n07566340,n07679356
n07679356,n07693725
n03405265,n03998194
n03419014,n04097866
n04097866,n03617480
n07570720,n07557434
n07557434,n07590611
n04531098,n02876657
n02876657,n03603722
n03603722,n04579145
n03051540,n04015204
n04015204,n03623198
n03122748,n07248320
n03563967,n04317420
n04317420,n04277352
n04014297,n03725035
n03725035,n04229816
n02876657,n02823428
n03051540,n03502509
n03502509,n03513137
n03513137,n03127747
n04453910,n02954938
n02954938,n02877765
n04014297,n04105068
n04105068,n04435653
n03051540,n02756098
n02756098,n03724870
n03051540,n03540267
n03540267,n03710637
n00021939,n04381994
n04381994,n03206908
n03206908,n03920288
n03513137,n03379051
n03502509,n02954340
n02954340,n02807133
n00021939,n04399382
n04014297,n04187061
n04187061,n03527444
n02876657,n03983396
n03294048,n03924679
n03051540,n03450516
n03450516,n04532106
n03414162,n04028315
n04028315,n06785654
n02778669,n03445777
n07556970,n07609840
n07609840,n07613480
n03419014,n04350905
n04531098,n04078574
n04078574,n04562935
n03419014,n04143897
n04143897,n03325584
n03122748,n03045698
n00020827,n00019613
n00019613,n07881800
n07881800,n07884567
n07884567,n07892512
n04317420,n03250847
n04014297,n02739668
n02739668,n04192698
n03540267,n03026506
n03419014,n04230808
n04230808,n03534580
n00021265,n07565083
n00021939,n04296562
n03502509,n03497657
n03497657,n02869837
n07679356,n07683786
n07683786,n07871810
n02778669,n02799071
n03575240,n04447443
n04447443,n03714235
n03714235,n03314780
n04187061,n04141327
n04447443,n04357314
n03094503,n03438257
n03438257,n02823750
n00004475,n12992868
n12992868,n13052670
n07566340,n07810907
n07810907,n07583066
n04014297,n03637318
n03309808,n04599235
n00021265,n07802026
n03419014,n03815615
n03815615,n02883205
n03094503,n02773037
n02773037,n03709823
n03603722,n04560804
n04531098,n02909870
n03932670,n03207743
n03206908,n02880940
n02880940,n04263257
n07884567,n07930554
n07930554,n07932039
n04531098,n03786901
n03057021,n04479046
n03563967,n03873416
n03575240,n02999410
n03563967,n03039947
n03039947,n04367480
n02880940,n03775546
n07557434,n07875152
n02876657,n04591713
n03122748,n04201297
n03419014,n02916936
n03294048,n03430959
n03430959,n03240683
n04014297,n02840245
n03419014,n04370048
n04370048,n02963159
n04370048,n04370456
n03094503,n03991062
n04191943,n02843684
n03094503,n02801938
n02801938,n03482405
n02778669,n03942813
n02883344,n03908618
n03278248,n04401088
n04401088,n03902125
n07557434,n07584110
n04015204,n02730930
n02778669,n04023962
n02773037,n02769748
n00004475,n00007846
n00007846,n10148035
n03497657,n02817516
n03563967,n03908714
n03039947,n02906734
n04014297,n04151581
n04151581,n03788365
n04097866,n02667093
n02954340,n03787032
n03863923,n03980874
n04317420,n04296261
n04296261,n03141823
n03294048,n02942699
n02942699,n03976467
n03563967,n04264628
n07930554,n07930864
n03563967,n04039381
n04217882,n06874185
n03563967,n03906997
n03906997,n04033901
n03575240,n04377057
n04377057,n03078287
n03078287,n04041544
n07566340,n07860988
n02739668,n02862048
n02862048,n03146219
n03051540,n03763968
n03714235,n03676483
n02954340,n04209133
n03278248,n03782006
n03278248,n03857828
n03051540,n03775071
n03419014,n02892767
n07683786,n07684084
n04531098,n03593526
n03593526,n04522168
n03094503,n03764736
n02778669,n04118538
n03932670,n03887697
n12992868,n13044778
n03094503,n03291819
n04230808,n03770439
n03497657,n03124170
n03100490,n04019101
n04019101,n02924116
n02924116,n04487081
n04447443,n03916031
n04531098,n02808440
n07557434,n07695965
n07695965,n07697537
n12992868,n12985857
n04019101,n02917067
n00021939,n03938244
n00019613,n15075141
n03094503,n02978881
n03430959,n02966687
n04531098,n03633091
n12992868,n13040303
n04447443,n03690938
n04447443,n03476991
n03450516,n02669723
n04105068,n03220513
n02883344,n03127925
n02756098,n04584207
n07557434,n07880968
n02876657,n03937543
n02862048,n03000247
n03151077,n04418357
n02851099,n04590129
n04531098,n02795169
n04531098,n04553703
n03906997,n02783161
n02778669,n02802426
n03076708,n02808304
n03380867,n03124043
n03051540,n03450230
n04151581,n04589890
n12992868,n12998815
n04401088,n02992529
n02954938,n03825788
n04285146,n04571292
n04571292,n02790996
n02883344,n03710193
n03057021,n03630383
n04151581,n03347037
n02924116,n03769881
n03094503,n03871628
n04377057,n03733281
n03563967,n03976657
n03472232,n03535780
n03497657,n04259630
n04014297,n02740764
n02740764,n03929855
n04078574,n04049303
n03094503,n04548362
n03278248,n02979186
n00021939,n06596364
n03094503,n03935335
n04217882,n06794110
n04191943,n02825657
n03906997,n03388183
n03815615,n04591157
n02778669,n04540053
n04230808,n03866082
n04230808,n04136333
n02773037,n04026417
n03815615,n02865351
n03932670,n02834397
n03294048,n03888257
n02773037,n04235860
n03078287,n04404412
n03419014,n04371563
n04371563,n04371430
n03094503,n03733805
n07881800,n07920052
n07557434,n07873807
n02740764,n02895154
n02801938,n04204238
n04381994,n04597913
n04183329,n04131690
n07810907,n07829412
n07829412,n07836838
n00007846,n09835506
n03438257,n03443371
n12992868,n13037406
n03100490,n04336792
n02876657,n04557648
n04401088,n03187595
n03094503,n04254120
n03419014,n03595614
n02924116,n04146614
n04028315,n03598930
n02773037,n03958227
n02942699,n04069434
n03419014,n03188531
n03122748,n03050026
n03050026,n02786058
n07609840,n07611358
n07611358,n07615774
n03309808,n04525038
n02778669,n04409515
n03725035,n03424325
n03122748,n03223299
n04199027,n03680355
n07611358,n07614500
n07679356,n07695742
n03050026,n04033995
n04371563,n03710721
n03278248,n04392985
n03380867,n03047690
n03278248,n03584254
n12992868,n13054560
n00007846,n10565667
n04531098,n03950228
n04317420,n03729826
n04371563,n02837789
n03540267,n04254777
n03278248,n02988304
n02955065,n03657121
n04105068,n04417672
n04105068,n04523525
n03593526,n02815834
n00021939,n09229709
n07695965,n07697313
n03472232,n03888605
n04296261,n03355925
n04531098,n03063599
n03563967,n04116512
n04143897,n04325704
n07829412,n07831146
n04571292,n03255030
